n_coeffs,epsilon_radius,stokes_real,stokes_imag,distance_to_minus_one,chain_poles
5.500000000000000000e+01,1.799999999999999933e-01,-9.987604730187764623e-01,1.999628267904019537e-03,2.352645393377838547e-03,4.000000000000000000e+00
5.500000000000000000e+01,2.000000000000000111e-01,-9.957681381081907590e-01,1.407724108612628394e-03,4.459858992985821745e-03,4.000000000000000000e+00
5.500000000000000000e+01,2.250000000000000056e-01,-9.920721939050897165e-01,-2.576192650769200832e-03,8.335878960995888459e-03,4.000000000000000000e+00
5.500000000000000000e+01,2.500000000000000000e-01,-9.902427638070446791e-01,-9.598838081308583292e-03,1.368726965600872147e-02,4.000000000000000000e+00
5.500000000000000000e+01,2.750000000000000222e-01,-9.910437795671398487e-01,-1.832149451444065741e-02,2.039340691705681524e-02,4.000000000000000000e+00
5.500000000000000000e+01,2.999999999999999889e-01,-9.940133081551398853e-01,-2.744720985874886734e-02,2.809252228397293022e-02,4.000000000000000000e+00
5.500000000000000000e+01,3.250000000000000111e-01,-9.977007916697662182e-01,-3.608882626774953528e-02,3.616199303591583619e-02,4.000000000000000000e+00
5.500000000000000000e+01,3.499999999999999778e-01,-9.998205658371227544e-01,-4.380983219904159565e-02,4.381019965632420438e-02,4.000000000000000000e+00
6.000000000000000000e+01,1.799999999999999933e-01,-9.987515787859884142e-01,2.056907767431637949e-03,2.406122418189641458e-03,4.000000000000000000e+00
6.000000000000000000e+01,2.000000000000000111e-01,-9.957133527348032143e-01,1.429750230407355986e-03,4.518797461445796249e-03,4.000000000000000000e+00
6.000000000000000000e+01,2.250000000000000056e-01,-9.920203309545925219e-01,-2.621130554237177147e-03,8.399133494390358112e-03,4.000000000000000000e+00
6.000000000000000000e+01,2.500000000000000000e-01,-9.902464298517409391e-01,-9.677312124365726465e-03,1.373981443067577059e-02,4.000000000000000000e+00
6.000000000000000000e+01,2.750000000000000222e-01,-9.911117949292735929e-01,-1.837971769548793141e-02,2.041602830976482416e-02,4.000000000000000000e+00
6.000000000000000000e+01,2.999999999999999889e-01,-9.941182109274888656e-01,-2.744575875259567047e-02,2.806893507419177397e-02,4.000000000000000000e+00
6.000000000000000000e+01,3.250000000000000111e-01,-9.977999519557030350e-01,-3.601618273685380095e-02,3.608331512391371731e-02,4.000000000000000000e+00
6.000000000000000000e+01,3.499999999999999778e-01,-9.998750154844348037e-01,-4.368014149166255661e-02,4.368032030400866711e-02,4.000000000000000000e+00
6.500000000000000000e+01,1.799999999999999933e-01,-9.979453834361703413e-01,2.189655008522856453e-03,3.002671856982115205e-03,4.000000000000000000e+00
6.500000000000000000e+01,2.000000000000000111e-01,-9.950318151615965556e-01,7.377886104908956471e-04,5.022667878957551464e-03,4.000000000000000000e+00
6.500000000000000000e+01,2.250000000000000056e-01,-9.922937150082991042e-01,-3.803809243014778883e-03,8.593939325510689675e-03,4.000000000000000000e+00
6.500000000000000000e+01,2.500000000000000000e-01,-9.915864829936014146e-01,-1.037441357039334267e-02,1.335723494389912114e-02,4.000000000000000000e+00
6.500000000000000000e+01,2.750000000000000222e-01,-9.929234598086684738e-01,-1.788933732455191133e-02,1.923813429080732315e-02,4.000000000000000000e+00
6.500000000000000000e+01,2.999999999999999889e-01,-9.955343405026899628e-01,-2.563781473774155023e-02,2.602382868204971070e-02,4.000000000000000000e+00
6.500000000000000000e+01,3.250000000000000111e-01,-9.980771283828642204e-01,-3.327906690414162566e-02,3.333457258262539913e-02,4.000000000000000000e+00
6.500000000000000000e+01,3.499999999999999778e-01,-9.986140147348070428e-01,-4.070315444315587144e-02,4.072674473584565052e-02,4.000000000000000000e+00
7.000000000000000000e+01,1.799999999999999933e-01,-9.982922770572784099e-01,1.493159098737218901e-03,2.268444785142329726e-03,4.000000000000000000e+00
7.000000000000000000e+01,2.000000000000000111e-01,-9.959947648223308470e-01,6.234628068368876404e-04,4.053469464538666731e-03,4.000000000000000000e+00
7.000000000000000000e+01,2.250000000000000056e-01,-9.930582341126275026e-01,-2.741121037619410634e-03,7.463367750417246836e-03,4.000000000000000000e+00
7.000000000000000000e+01,2.500000000000000000e-01,-9.911406759102183717e-01,-8.680347600636684202e-03,1.240306646743716094e-02,4.000000000000000000e+00
7.000000000000000000e+01,2.750000000000000222e-01,-9.909936267835078860e-01,-1.668468527249637040e-02,1.896031331906210260e-02,4.000000000000000000e+00
7.000000000000000000e+01,2.999999999999999889e-01,-9.926430831164559931e-01,-2.593391687535745102e-02,2.695723039426203491e-02,4.000000000000000000e+00
7.000000000000000000e+01,3.250000000000000111e-01,-9.952239092849847202e-01,-3.556696561488777164e-02,3.588621024249655234e-02,4.000000000000000000e+00
7.000000000000000000e+01,3.499999999999999778e-01,-9.968818017714182744e-01,-4.485782018375226998e-02,4.496606711544364615e-02,4.000000000000000000e+00
7.500000000000000000e+01,1.799999999999999933e-01,-9.985658103661123608e-01,1.484196978019689884e-03,2.063913897311014239e-03,5.000000000000000000e+00
7.500000000000000000e+01,2.000000000000000111e-01,-9.961579746487273512e-01,9.407722248183510941e-04,3.955529190741915481e-03,5.000000000000000000e+00
7.500000000000000000e+01,2.250000000000000056e-01,-9.927457684290573736e-01,-2.377014262358901741e-03,7.633745639482518094e-03,5.000000000000000000e+00
7.500000000000000000e+01,2.500000000000000000e-01,-9.904919857649432391e-01,-8.787481275699138630e-03,1.294689776992175717e-02,5.000000000000000000e+00
7.500000000000000000e+01,2.750000000000000222e-01,-9.905230788694149302e-01,-1.744998610657125249e-02,1.985734245146765845e-02,5.000000000000000000e+00
7.500000000000000000e+01,2.999999999999999889e-01,-9.928643028007382298e-01,-2.710131146238923747e-02,2.802497560214785646e-02,5.000000000000000000e+00
7.500000000000000000e+01,3.250000000000000111e-01,-9.963765065557870226e-01,-3.659316590196753233e-02,3.677212933009419565e-02,5.000000000000000000e+00
7.500000000000000000e+01,3.499999999999999778e-01,-9.988424731077217844e-01,-4.515116462126136238e-02,4.516599976932417215e-02,5.000000000000000000e+00
